steam:110000104ea5d91,Doux John
steam:11000010bf7dad4,Winston Bobby
steam:110000135e1a203,Winston Bobby
steam:1100001360b192d,Winston Bobby
steam:11000010e694487,Doux John
steam:1100001073b1067,Winston Bobby
steam:110000112b38f72,Winston Bobby
steam:11000010b613f7a,Winston Bobby
steam:110000102cbdfd2,Doux John
steam:11000010b257802,Winston Bobby
steam:110000139714d27,Winston Bobby
steam:11000011d5588e2,Doux John
steam:110000102682208,Winston Bobby
steam:110000108daaf64,Doux John
steam:110000103f06765,Winston Bobby
steam:11000010dd2bd82,Doux John
steam:110000112d6a726,Winston Bobby
steam:1100001025ffefb,Winston Bobby
steam:11000010932a7fa,Doux John
steam:11000013ba2e71f,Winston Bobby
steam:1100001003a9102,Winston Bobby
steam:1100001040759e7,Winston Bobby
steam:110000102f603cc,Doux John
steam:110000109b19569,Doux John
steam:110000102904d97,Doux John
steam:110000114b9921b,Winston Bobby
steam:1100001060dfa98,Winston Bobby
steam:11000010652eb72,Winston Bobby
steam:110000101c40f90,Doux John
steam:1100001101366d8,Winston Bobby
steam:11000011219f1f6,Winston Bobby
steam:11000011bd8ef7c,Doux John
