steam:110000100f32264,Sergent-Chef
steam:110000102682208,Agent
steam:110000102b6df4f,Sergent
steam:110000102cbdfd2,Cadet
steam:110000103128f79,Agent
steam:11000010321de34,Sergent
steam:110000103f67873,Cadet
steam:110000103fd5d2f,Cadet
steam:1100001043b8c2a,Agent
steam:110000104c02f75,Cadet
steam:110000107b4720b ,Sergent-Chef
steam:110000108daaf64,Agent
steam:110000109128173,Agent
steam:11000010939eb26,Cadet
steam:11000010979dfb9,Lieutenant
steam:11000010990b883,Cadet
steam:1100001099f21ce,Lieutenant
steam:110000109b19569,Cadet
steam:11000010a958894,Cadet
steam:11000010ab7146b,Cadet
steam:11000010abb3ad2,Agent
steam:11000010b257802,Capitaine
steam:11000010b613f7a,Cadet
steam:11000010b6851da,Cadet
steam:11000010be77065,Cadet
steam:11000010bf20e69,Cadet
steam:11000010d5dce31,Sergent
steam:11000010dd2bd82,Agent
steam:11000010de82196,Sergent
steam:11000010e320ccf,Cadet
steam:11000010e363589,Cadet
steam:11000010e68ba4b,Cadet
steam:11000010ef1ef79,Cadet
steam:11000010efb5a4f,Lieutenant
steam:11000010f059895,Lieutenant
steam:11000011189040f,Cadet
steam:110000111944510,Agent
steam:11000011209c274,Cadet
steam:110000112890b07,Sergent-Chef
steam:1100001129d31d7,Lieutenant
steam:1100001131693ba,Sergent
steam:1100001139f3d0e,Sergent
steam:1100001146c154e,Cadet
steam:1100001146e12b8,Agent
steam:110000115b6e565,Cadet
steam:1100001167c49e7,Agent
steam:1100001172be42d,Cadet
steam:1100001174b9ee3,Cadet
steam:110000117752d5e,Cadet
steam:1100001184119a9,Cadet
steam:11000011abfecec,Cadet
steam:11000011ad39672,Cadet
steam:11000011b22c340,Sergent
steam:11000011c028cb3,Cadet
steam:11000011c252d8a,Cadet
steam:11000011d5588e2,Lieutenant
steam:110000131d3b418,Agent
steam:110000131efdfe4,Cadet
steam:110000135218513,Agent
steam:110000135433eb2,Agent
steam:11000013665a698,Cadet
steam:110000136707f5b,Cadet
steam:110000136be3223,Cadet
steam:110000138eb4a7a,Agent
steam:110000138ec14ad,Agent
steam:11000013ba2e71f,Cadet
